participant_id,source_identity,attack_type,file_path,label,status
P001,P003,logical,/content/drive/MyDrive/Final_Dataset/Sam_final_dataset/Video/Attack/logical_attack_videos/P001_logical_P003_1769877813423-fzmq80fcxer.mp4,1,already_exists
P003,P004,logical,/content/drive/MyDrive/Final_Dataset/Sam_final_dataset/Video/Attack/logical_attack_videos/P003_logical_P004_1770445787080-lqw56ag66w.mp4,1,already_exists
P004,P006,logical,/content/drive/MyDrive/Final_Dataset/Sam_final_dataset/Video/Attack/logical_attack_videos/P004_logical_P006_1770259504525-yq212ny4ozl.mp4,1,already_exists
P006,P007,logical,/content/drive/MyDrive/Final_Dataset/Sam_final_dataset/Video/Attack/logical_attack_videos/P006_logical_P007_1770445889394-2vsu5ezjjh.mp4,1,already_exists
P007,P008,logical,/content/drive/MyDrive/Final_Dataset/Sam_final_dataset/Video/Attack/logical_attack_videos/P007_logical_P008_1770445832350-qzmc72ma2f.mp4,1,already_exists
P008,P009,logical,/content/drive/MyDrive/Final_Dataset/Sam_final_dataset/Video/Attack/logical_attack_videos/P008_logical_P009_1770445750525-ngqmw95sj0f.mp4,1,success
P009,P012,logical,/content/drive/MyDrive/Final_Dataset/Sam_final_dataset/Video/Attack/logical_attack_videos/P009_logical_P012_1770217531977-wk28pni9c7d.mp4,1,success
P012,P016,logical,/content/drive/MyDrive/Final_Dataset/Sam_final_dataset/Video/Attack/logical_attack_videos/P012_logical_P016_1770380045217-37yshqp9c7a.mp4,1,success
P016,P017,logical,/content/drive/MyDrive/Final_Dataset/Sam_final_dataset/Video/Attack/logical_attack_videos/P016_logical_P017_1770380346480-75g9zdhz72j.mp4,1,success
P017,P018,logical,/content/drive/MyDrive/Final_Dataset/Sam_final_dataset/Video/Attack/logical_attack_videos/P017_logical_P018_1770445663719-yykw6xau3x.mp4,1,success
P018,P021,logical,/content/drive/MyDrive/Final_Dataset/Sam_final_dataset/Video/Attack/logical_attack_videos/P018_logical_P021_1770380281105-mdwuzashsa.mp4,1,success
P021,P022,logical,/content/drive/MyDrive/Final_Dataset/Sam_final_dataset/Video/Attack/logical_attack_videos/P021_logical_P022_1770301365487-byvhk57rws.mp4,1,success
P022,P024,logical,/content/drive/MyDrive/Final_Dataset/Sam_final_dataset/Video/Attack/logical_attack_videos/P022_logical_P024_1770445694876-9ahtrz67nb5.mp4,1,success
P024,P026,logical,/content/drive/MyDrive/Final_Dataset/Sam_final_dataset/Video/Attack/logical_attack_videos/P024_logical_P026_1770217090325-2egusipenph.mp4,1,success
P026,P029,logical,/content/drive/MyDrive/Final_Dataset/Sam_final_dataset/Video/Attack/logical_attack_videos/P026_logical_P029_1770445778272-8f5hwjpivtu.mp4,1,success
P029,P030,logical,/content/drive/MyDrive/Final_Dataset/Sam_final_dataset/Video/Attack/logical_attack_videos/P029_logical_P030_1770445678086-i9c4dief63s.mp4,1,success
P030,P031,logical,/content/drive/MyDrive/Final_Dataset/Sam_final_dataset/Video/Attack/logical_attack_videos/P030_logical_P031_1770445711837-coy6l2idlit.mp4,1,success
P031,P033,logical,/content/drive/MyDrive/Final_Dataset/Sam_final_dataset/Video/Attack/logical_attack_videos/P031_logical_P033_1770725471062-pvz0nwke0cp.mp4,1,success
P033,P035,logical,/content/drive/MyDrive/Final_Dataset/Sam_final_dataset/Video/Attack/logical_attack_videos/P033_logical_P035_1770445599693-7lt1392nm79.mp4,1,success
P035,P036,logical,/content/drive/MyDrive/Final_Dataset/Sam_final_dataset/Video/Attack/logical_attack_videos/P035_logical_P036_1770219484810-1bu87g29rsv.mp4,1,success
P036,P037,logical,/content/drive/MyDrive/Final_Dataset/Sam_final_dataset/Video/Attack/logical_attack_videos/P036_logical_P037_1770301049346-y55avo4p2vi.mp4,1,success
P037,P038,logical,/content/drive/MyDrive/Final_Dataset/Sam_final_dataset/Video/Attack/logical_attack_videos/P037_logical_P038_1770213558801-94lwdsmh206.mp4,1,success
P038,P041,logical,/content/drive/MyDrive/Final_Dataset/Sam_final_dataset/Video/Attack/logical_attack_videos/P038_logical_P041_1770203841157-kds0yz9v9pc.mp4,1,success
P041,P042,logical,/content/drive/MyDrive/Final_Dataset/Sam_final_dataset/Video/Attack/logical_attack_videos/P041_logical_P042_1770445800354-dydxxootb0g.mp4,1,success
P042,P043,logical,/content/drive/MyDrive/Final_Dataset/Sam_final_dataset/Video/Attack/logical_attack_videos/P042_logical_P043_1770583681000-kkbdy2g8w6.mp4,1,success
P043,P044,logical,/content/drive/MyDrive/Final_Dataset/Sam_final_dataset/Video/Attack/logical_attack_videos/P043_logical_P044_1770480430526-gux0gs1ja2r.mp4,1,success
P044,P047,logical,/content/drive/MyDrive/Final_Dataset/Sam_final_dataset/Video/Attack/logical_attack_videos/P044_logical_P047_1770091464869-c2tvb9pzrw.mp4,1,success
P047,P048,logical,/content/drive/MyDrive/Final_Dataset/Sam_final_dataset/Video/Attack/logical_attack_videos/P047_logical_P048_1770028923875-1hygdlyttxt.mp4,1,success
P048,P049,logical,/content/drive/MyDrive/Final_Dataset/Sam_final_dataset/Video/Attack/logical_attack_videos/P048_logical_P049_1770016503680-7cdim9wd80u.mp4,1,success
P049,P052,logical,/content/drive/MyDrive/Final_Dataset/Sam_final_dataset/Video/Attack/logical_attack_videos/P049_logical_P052_1770009483447-nvcdq2mqqa.mp4,1,success
P052,P053,logical,/content/drive/MyDrive/Final_Dataset/Sam_final_dataset/Video/Attack/logical_attack_videos/P052_logical_P053_1770003685383-va6cgq2e3pc.mp4,1,success
P053,P054,logical,/content/drive/MyDrive/Final_Dataset/Sam_final_dataset/Video/Attack/logical_attack_videos/P053_logical_P054_1769878323445-9htttm85m8a.mp4,1,success
P054,P057,logical,/content/drive/MyDrive/Final_Dataset/Sam_final_dataset/Video/Attack/logical_attack_videos/P054_logical_P057_1769877790574-jkkmpefnz4k.mp4,1,success
P057,P058,logical,/content/drive/MyDrive/Final_Dataset/Sam_final_dataset/Video/Attack/logical_attack_videos/P057_logical_P058_1769877783602-qg04uh9094.mp4,1,success
P058,P060,logical,/content/drive/MyDrive/Final_Dataset/Sam_final_dataset/Video/Attack/logical_attack_videos/P058_logical_P060_1769877779645-a7eplt7s9je.mp4,1,success
P060,P062,logical,/content/drive/MyDrive/Final_Dataset/Sam_final_dataset/Video/Attack/logical_attack_videos/P060_logical_P062_1769865631974-5vswlopqn38.mp4,1,success
P062,P064,logical,/content/drive/MyDrive/Final_Dataset/Sam_final_dataset/Video/Attack/logical_attack_videos/P062_logical_P064_1769680362558-n9br5ma9t5p.mp4,1,success
P064,P065,logical,/content/drive/MyDrive/Final_Dataset/Sam_final_dataset/Video/Attack/logical_attack_videos/P064_logical_P065_1769921310778-vis108tj3r.mp4,1,success
P065,P066,logical,/content/drive/MyDrive/Final_Dataset/Sam_final_dataset/Video/Attack/logical_attack_videos/P065_logical_P066_1769879665020-z2hehrkreh.mp4,1,success
P066,P067,logical,/content/drive/MyDrive/Final_Dataset/Sam_final_dataset/Video/Attack/logical_attack_videos/P066_logical_P067_1769879335590-h4i23wgvh1.mp4,1,success
P067,P068,logical,/content/drive/MyDrive/Final_Dataset/Sam_final_dataset/Video/Attack/logical_attack_videos/P067_logical_P068_1769879032156-o2qh72vloxb.mp4,1,success
P068,P069,logical,/content/drive/MyDrive/Final_Dataset/Sam_final_dataset/Video/Attack/logical_attack_videos/P068_logical_P069_1769878825283-hbqx1z44dyq.mp4,1,success
P069,P070,logical,/content/drive/MyDrive/Final_Dataset/Sam_final_dataset/Video/Attack/logical_attack_videos/P069_logical_P070_1769877763904-77llgv23pb.mp4,1,success
P070,P071,logical,/content/drive/MyDrive/Final_Dataset/Sam_final_dataset/Video/Attack/logical_attack_videos/P070_logical_P071_1769877768525-icimbs5yvns.mp4,1,success
P071,P072,logical,/content/drive/MyDrive/Final_Dataset/Sam_final_dataset/Video/Attack/logical_attack_videos/P071_logical_P072_1769877877349-6ubslfaljz6.mp4,1,success
P072,P073,logical,/content/drive/MyDrive/Final_Dataset/Sam_final_dataset/Video/Attack/logical_attack_videos/P072_logical_P073_1769884198839-gbpaaesaa4.mp4,1,success
P073,P074,logical,/content/drive/MyDrive/Final_Dataset/Sam_final_dataset/Video/Attack/logical_attack_videos/P073_logical_P074_1770557958937-o7zm1xx7z5.mp4,1,success
P074,P075,logical,/content/drive/MyDrive/Final_Dataset/Sam_final_dataset/Video/Attack/logical_attack_videos/P074_logical_P075_1770008423822-5ek366c1tyi.mp4,1,success
P075,P076,logical,/content/drive/MyDrive/Final_Dataset/Sam_final_dataset/Video/Attack/logical_attack_videos/P075_logical_P076_1770379301550-qng8x07ull9.mp4,1,success
P076,P077,logical,/content/drive/MyDrive/Final_Dataset/Sam_final_dataset/Video/Attack/logical_attack_videos/P076_logical_P077_1770446113415-851a51rt5u4.mp4,1,success
P077,P079,logical,/content/drive/MyDrive/Final_Dataset/Sam_final_dataset/Video/Attack/logical_attack_videos/P077_logical_P079_1770445706558-cxjw709ki8.mp4,1,success
P079,P080,logical,/content/drive/MyDrive/Final_Dataset/Sam_final_dataset/Video/Attack/logical_attack_videos/P079_logical_P080_1770646563111-v924d5zyos.mp4,1,success
P080,P088,logical,/content/drive/MyDrive/Final_Dataset/Sam_final_dataset/Video/Attack/logical_attack_videos/P080_logical_P088_1769877835383-f8kvf7lral.mp4,1,success
P088,P089,logical,/content/drive/MyDrive/Final_Dataset/Sam_final_dataset/Video/Attack/logical_attack_videos/P088_logical_P089_1770445874461-1iz3m8cia2s.mp4,1,success
P089,P094,logical,/content/drive/MyDrive/Final_Dataset/Sam_final_dataset/Video/Attack/logical_attack_videos/P089_logical_P094_1770445688899-ccc0rshi3rk.mp4,1,success
P094,P096,logical,/content/drive/MyDrive/Final_Dataset/Sam_final_dataset/Video/Attack/logical_attack_videos/P094_logical_P096_1770301371712-34a8ac6kmjn.mp4,1,success
P096,P097,logical,/content/drive/MyDrive/Final_Dataset/Sam_final_dataset/Video/Attack/logical_attack_videos/P096_logical_P097_1770218434339-0208d18knkyy.mp4,1,success
P097,P001,logical,/content/drive/MyDrive/Final_Dataset/Sam_final_dataset/Video/Attack/logical_attack_videos/P097_logical_P001_1770445780786-y222a26roh.mp4,1,success
P002,P005,logical,/content/drive/MyDrive/Final_Dataset/Sam_final_dataset/Video/Attack/logical_attack_videos/P002_logical_P005_1771049545786-xcfsda9eado.mp4,1,success
P005,P010,logical,/content/drive/MyDrive/Final_Dataset/Sam_final_dataset/Video/Attack/logical_attack_videos/P005_logical_P010_1770445863400-3hz9dnvpov.mp4,1,success
P010,P011,logical,/content/drive/MyDrive/Final_Dataset/Sam_final_dataset/Video/Attack/logical_attack_videos/P010_logical_P011_1771401489025-xvnbmzb9e8a.mp4,1,success
P011,P013,logical,/content/drive/MyDrive/Final_Dataset/Sam_final_dataset/Video/Attack/logical_attack_videos/P011_logical_P013_1771426980393-nzuzo8hi3mr.mp4,1,success
P013,P014,logical,/content/drive/MyDrive/Final_Dataset/Sam_final_dataset/Video/Attack/logical_attack_videos/P013_logical_P014_1770363421497-xkdtwb6r5t.mp4,1,success
P014,P015,logical,/content/drive/MyDrive/Final_Dataset/Sam_final_dataset/Video/Attack/logical_attack_videos/P014_logical_P015_1770445434966-vjnehaefwq.mp4,1,success
P015,P019,logical,/content/drive/MyDrive/Final_Dataset/Sam_final_dataset/Video/Attack/logical_attack_videos/P015_logical_P019_1770190438442-qpuieazzqee.mp4,1,success
P019,P020,logical,/content/drive/MyDrive/Final_Dataset/Sam_final_dataset/Video/Attack/logical_attack_videos/P019_logical_P020_1770206737552-7b84if03p6b.mp4,1,success
P020,P023,logical,/content/drive/MyDrive/Final_Dataset/Sam_final_dataset/Video/Attack/logical_attack_videos/P020_logical_P023_1770445671449-gz2dwbwj91j.mp4,1,success
P023,P025,logical,/content/drive/MyDrive/Final_Dataset/Sam_final_dataset/Video/Attack/logical_attack_videos/P023_logical_P025_1771427934194-be6qwar06q9.mp4,1,success
P025,P027,logical,/content/drive/MyDrive/Final_Dataset/Sam_final_dataset/Video/Attack/logical_attack_videos/P025_logical_P027_1770264476143-7c73w91utzk.mp4,1,success
P027,P028,logical,/content/drive/MyDrive/Final_Dataset/Sam_final_dataset/Video/Attack/logical_attack_videos/P027_logical_P028_1770282071874-i2g3l36xe6i.mp4,1,success
P028,P032,logical,/content/drive/MyDrive/Final_Dataset/Sam_final_dataset/Video/Attack/logical_attack_videos/P028_logical_P032_1770284006333-ti69byvmcm.mp4,1,success
P032,P034,logical,/content/drive/MyDrive/Final_Dataset/Sam_final_dataset/Video/Attack/logical_attack_videos/P032_logical_P034_1771183279674-6f82c2f9ntw.mp4,1,success
P034,P039,logical,/content/drive/MyDrive/Final_Dataset/Sam_final_dataset/Video/Attack/logical_attack_videos/P034_logical_P039_1770626604878-066mir6831a.mp4,1,success
P039,P040,logical,/content/drive/MyDrive/Final_Dataset/Sam_final_dataset/Video/Attack/logical_attack_videos/P039_logical_P040_1770188000031-tgsearqo8in.mp4,1,success
P040,P045,logical,/content/drive/MyDrive/Final_Dataset/Sam_final_dataset/Video/Attack/logical_attack_videos/P040_logical_P045_1770477453315-sydj4jcvtoi.mp4,1,success
P045,P046,logical,/content/drive/MyDrive/Final_Dataset/Sam_final_dataset/Video/Attack/logical_attack_videos/P045_logical_P046_1770088530588-5efqabvflf3.mp4,1,success
P046,P050,logical,/content/drive/MyDrive/Final_Dataset/Sam_final_dataset/Video/Attack/logical_attack_videos/P046_logical_P050_1770087965227-1baaery53s3i.mp4,1,success
P050,P051,logical,/content/drive/MyDrive/Final_Dataset/Sam_final_dataset/Video/Attack/logical_attack_videos/P050_logical_P051_1770007156022-abb32n6ywev.mp4,1,success
P051,P055,logical,/content/drive/MyDrive/Final_Dataset/Sam_final_dataset/Video/Attack/logical_attack_videos/P051_logical_P055_1770006660690-9qwgjvmdp8.mp4,1,success
P055,P056,logical,/content/drive/MyDrive/Final_Dataset/Sam_final_dataset/Video/Attack/logical_attack_videos/P055_logical_P056_1769877786806-vedpgl0db5r.mp4,1,success
P056,P059,logical,/content/drive/MyDrive/Final_Dataset/Sam_final_dataset/Video/Attack/logical_attack_videos/P056_logical_P059_1769877785185-0we92xpmfk1.mp4,1,success
P059,P061,logical,/content/drive/MyDrive/Final_Dataset/Sam_final_dataset/Video/Attack/logical_attack_videos/P059_logical_P061_1769877776957-cfu3881h8h4.mp4,1,success
P061,P063,logical,/content/drive/MyDrive/Final_Dataset/Sam_final_dataset/Video/Attack/logical_attack_videos/P061_logical_P063_1769857860488-1kaf4vrf1bw.mp4,1,success
P063,P078,logical,/content/drive/MyDrive/Final_Dataset/Sam_final_dataset/Video/Attack/logical_attack_videos/P063_logical_P078_1769582224434-2n71gdsz237.mp4,1,success
P078,P081,logical,/content/drive/MyDrive/Final_Dataset/Sam_final_dataset/Video/Attack/logical_attack_videos/P078_logical_P081_1770445718682-feaylk2v696.mp4,1,success
P081,P082,logical,/content/drive/MyDrive/Final_Dataset/Sam_final_dataset/Video/Attack/logical_attack_videos/P081_logical_P082_1770445658387-z0i6uvj0r2h.mp4,1,success
P082,P083,logical,/content/drive/MyDrive/Final_Dataset/Sam_final_dataset/Video/Attack/logical_attack_videos/P082_logical_P083_1770445940637-wtibtljxuzm.mp4,1,success
P083,P084,logical,/content/drive/MyDrive/Final_Dataset/Sam_final_dataset/Video/Attack/logical_attack_videos/P083_logical_P084_1770445648100-ok0k52ovsd7.mp4,1,success
P084,P085,logical,/content/drive/MyDrive/Final_Dataset/Sam_final_dataset/Video/Attack/logical_attack_videos/P084_logical_P085_1770445612934-h9m47dgoghs.mp4,1,success
P085,P086,logical,/content/drive/MyDrive/Final_Dataset/Sam_final_dataset/Video/Attack/logical_attack_videos/P085_logical_P086_1770445724370-av9t2z74m8g.mp4,1,success
P086,P087,logical,/content/drive/MyDrive/Final_Dataset/Sam_final_dataset/Video/Attack/logical_attack_videos/P086_logical_P087_1770445678567-i71ayyh340i.mp4,1,success
P087,P090,logical,/content/drive/MyDrive/Final_Dataset/Sam_final_dataset/Video/Attack/logical_attack_videos/P087_logical_P090_1770445725922-tdkizfxm2c.mp4,1,success
P090,P091,logical,/content/drive/MyDrive/Final_Dataset/Sam_final_dataset/Video/Attack/logical_attack_videos/P090_logical_P091_1770445861794-kxwd18re9zl.mp4,1,success
P091,P092,logical,/content/drive/MyDrive/Final_Dataset/Sam_final_dataset/Video/Attack/logical_attack_videos/P091_logical_P092_1770445820698-5jlwq1lbbr3.mp4,1,success
P092,P093,logical,/content/drive/MyDrive/Final_Dataset/Sam_final_dataset/Video/Attack/logical_attack_videos/P092_logical_P093_1770445696295-sok7mjzb8d8.mp4,1,success
P093,P095,logical,/content/drive/MyDrive/Final_Dataset/Sam_final_dataset/Video/Attack/logical_attack_videos/P093_logical_P095_1770633262075-k6u2io4qolo.mp4,1,success
P095,P098,logical,/content/drive/MyDrive/Final_Dataset/Sam_final_dataset/Video/Attack/logical_attack_videos/P095_logical_P098_1769678217131-a1yyynu4zxe.mp4,1,success
P098,P002,logical,/content/drive/MyDrive/Final_Dataset/Sam_final_dataset/Video/Attack/logical_attack_videos/P098_logical_P002_1769878150519-bs6gvzikgww.mp4,1,success
